タイトル,元値,割引価格,割引率,画像URL
F40C4TMP 車載冷蔵庫 18L -22℃～10℃ 急速冷凍 ポータブル DC12V/24V AC100V 3Way電源 車載用冷蔵冷凍庫 LCD温度表示 静音 家庭/業務用 車中泊 キャンプ 台風 災害 緊急時適用 【PSE規格品】,"過去価格 ￥23,980","21,233",-11%,https://m.media-amazon.com/images/I/613WX7gZJYL._AC_SX679_.jpg
ポータブル冷凍冷蔵庫 車載冷蔵庫 TX75 【 大容量72L 】【 2室独立温度制御 】【 バッテリー 内蔵可能 】【 アプリで遠隔操作 】 PSE 技適取得済 独立２ドア -20℃～ 4WAY電源 大型ホイール 牽引 急速冷凍 大容量 省エネ 静音 庫内灯 USB充電ポート 低電圧保護 AC・DC 業務用 車載家庭両用 車中泊 アウトドア キャンプ 釣り 災害時に大活躍 インボイス発行事業者,"過去価格: ￥69,800","59,330",-15%,https://m.media-amazon.com/images/I/61krkuML0dL._AC_SX679_.jpg
東芝 冷蔵庫 幅68.5㎝ 601L 両開き GR-V600FH(EC) サテンゴールド 野菜室がまんなか,"過去価格: ￥189,697","164,800",-13%,https://m.media-amazon.com/images/I/41AGTRxO4BL._AC_SX679_.jpg
[山善] 冷蔵庫 幅50cm 173L 右開き YFR-D170(W) ホワイト 一人暮らし 2ドア 省エネ 静音 耐熱天板,"参考価格: ￥39,800","35,820",-10%,https://m.media-amazon.com/images/I/31tHu3Y0etL._AC_SX679_.jpg
Teenook 車載冷蔵庫 急速冷凍 19L -22℃～20℃ 省エネ 2WAY電源対応 AC100V 静音 車載家庭両用 ポータブル冷蔵庫 低電圧保護 取扱説明書付き,"参考価格: ￥23,999","17,997",-25%,https://m.media-amazon.com/images/I/71whjhnwt0L._AC_SX679_.jpg
[山善] 冷凍庫 64L 右開き YF-MU60(W) ホワイト 省エネ スリム 小型 家庭用 静音 耐熱天板,"参考価格: ￥27,800","24,800",-11%,https://m.media-amazon.com/images/I/41JD2g3LP3L._AC_SY879_.jpg
洗濯機 台 DEWEL ねじ作業不要 冷蔵庫 キャスター付き置き台 洗濯機パン サイズ調整可能 幅/奥行き:54.5～70.5cm 耐荷重:500kg 伸縮式 目盛り付き 排水パン ドラム式 全自動対応 3重振動異音防止,"参考価格: ￥4,500","3,899",-13%,https://m.media-amazon.com/images/I/51tEdqLc1ML._AC_SX679_.jpg
リーメント ぷちサンプルシリーズ たっぷり収納!冷蔵庫 約H200×W90×D7.5mm,"過去価格: ￥2,309","2,099",-9%,https://m.media-amazon.com/images/I/51DOpOek3cL._AC_SX679_.jpg
冷蔵庫 マット 凹み防止 床保護シート70*70cm 厚さ2mm 冷蔵庫の下に敷くマット フローリング 傷防止 下敷 洗濯機も 適用,"過去価格: ￥1,999","1,699",-15%,https://m.media-amazon.com/images/I/717vvJD+M-L._AC_SX679_.jpg
BougeRV 25L 車載冷蔵庫 -22℃～10℃ 急速冷凍 ポータブル冷蔵庫 【バッテリー内蔵可能・バッテリー別売】3WAY電源対応 DC12V/24V AC100V コンプレッサー式 車載冷蔵冷凍庫 大容量 静音 省エネ 車載家庭両用 【庫内灯付き】低電圧保護 AC・DCコード付き 車中泊 キャンプ 釣り アウトドア 買い物に大活躍 CR Pro 25L (Medium 25L ブラック),"過去価格 ￥27,980","20,502",-27%,https://m.media-amazon.com/images/I/61o6t6kpB+L._AC_SX679_.jpg
F40C4TMP 車載冷蔵庫 9L -20℃～20℃ 急速冷凍 ポータブル冷蔵庫 DC12V/24V AC100V 3Way電源（ACアダプター別売り） 車載用冷蔵冷凍庫 LCD温度表示 静音 家庭用 業務用 車中泊 キャンプ 台風 災害 緊急時適用 【PSE規格品】M9,"過去価格 ￥19,980","16,983",-15%,https://m.media-amazon.com/images/I/6142swJ3QXL._AC_SX679_.jpg
TKUIN レンジ上ラック W40×D30×H15cm レンジラック キッチンラック 2段 マグネットフック×2個 熱・水に強い トースターラック レンジ上収納ラック カウンター上ラック 冷蔵庫 スチール 耐荷重40kg 北欧 おしゃれ 電子レンジ台(ブラック),"過去価格: ￥3,390","2,712",-20%,https://m.media-amazon.com/images/I/51SYClLZk3L._AC_SX679_.jpg
洗濯機 台 DEWEL キャスター付き 置き台 冷蔵庫 ジャッキ付き 360度回転 目盛り付き 伸縮式奥行/幅:43.5-65cm 耐荷重:500kg 移動できる洗濯機パン 減音防振 多サイズ対応 昇降可能 異音振動軽減,"参考価格: ￥4,299","3,399",-21%,https://m.media-amazon.com/images/I/61CMD+mILEL._AC_SX679_.jpg
AHAZIAH 冷蔵庫マットキズ防止 凹み防止 透明 無色 サイズ 50*50cm厚さ2mm 冷蔵庫耐震マット 洗濯機も適用,"過去価格: ￥1,699","1,444",-15%,https://m.media-amazon.com/images/I/61KFrN6R4-L._AC_SX679_.jpg
ZIJINJIAJU 冷蔵庫 マット キズ防止 凹み防止 床保護シート LLサイズ 90*75cm〜700Lクラス 厚さ2.0mm 無色 透明 冷蔵庫 耐震マット [国内正規一年保証]オプションの厚さ2.0mm/1.5mmはカスタマイズ可能(2.0mm*90*75cm),"過去価格: ￥2,576","2,189",-15%,https://m.media-amazon.com/images/I/61ejylR++5L._AC_SX679_.jpg
HiKOKI(ハイコーキ) 14.4/18V コードレス 冷温庫 高容量蓄電池1個付き フォレストグリーン UL18DC(WMG) ミニ 冷蔵庫 車載 サブポータブル電源 3電源対応 コンプレッサ式 -18℃~60℃ 17段階温度設定 冷蔵冷凍・冷蔵保温同時設定可能 18L 12V出力ソケット USB-A USB-C(最大出力20W)端子搭載 ACアダプタ 車載用DCコード付き,"新品コンディション価格: ￥64,300","64,300",,https://m.media-amazon.com/images/I/71YfjXBcz7L._AC_SX679_.jpg
BougeRV 車載冷蔵庫 20L -22℃～10℃ 急速冷凍 ポータブル冷蔵庫 【バッテリー内蔵可能・バッテリー別売】3WAY電源対応 DC12V/24V AC100V コンプレッサー式 車載冷蔵冷凍庫 静音 大容量 省エネ 車載家庭両用 【庫内灯付き】低電圧保護 AC・DCコード付き 車中泊 キャンプ アウトドア 釣り 災害時に大活躍 CR Pro 20L (Small 20L ブラック),"参考価格 ￥24,980",,,https://m.media-amazon.com/images/I/71rtJflTV5L._AC_SX679_.jpg
"冷蔵庫 マット PVCキズ防止 凹み防止 床保護シート 75*90cm 厚さ2 mmフローリング 傷防止下敷 無色 透明 縮みなし 冷蔵庫耐震マット 洗濯機も適用 (透明 厚さ2mm, XLサイズ 75×90cm 〜700Lクラス)","過去価格: ￥2,450","2,082",-15%,https://m.media-amazon.com/images/I/71KhKzylA6L._AC_SX679_.jpg
